{
    "base": {
        "bertscore": 0.8221425414085388,
        "bleu": 2.1823142380217213,
        "exact_match": 0.0,
        "keyword_score": 0.5162,
        "latency": 50.098088690799194,
        "rouge": 0.13509023184582633
    },
    "adapter": {
        "bertscore": 0.8517048954963684,
        "bleu": 1.893584043153707,
        "exact_match": 0.0,
        "keyword_score": 0.2856666666666667,
        "latency": 5.157942035198444,
        "rouge": 0.17581793897563075
    },
    "winner": {
        "bertscore": {
            "winner": "QuantumQwen",
            "base": 0.8221425414085388,
            "adapter": 0.8517048954963684,
            "improvement_percent": 3.6
        },
        "bleu": {
            "winner": "Base",
            "base": 2.1823142380217213,
            "adapter": 1.893584043153707,
            "improvement_percent": -13.23
        },
        "exact_match": {
            "winner": "Tie",
            "base": 0.0,
            "adapter": 0.0,
            "improvement_percent": null
        },
        "keyword_score": {
            "winner": "Base",
            "base": 0.5162,
            "adapter": 0.2856666666666667,
            "improvement_percent": -44.66
        },
        "latency": {
            "winner": "QuantumQwen",
            "base": 50.098088690799194,
            "adapter": 5.157942035198444,
            "improvement_percent": -89.7
        },
        "rouge": {
            "winner": "QuantumQwen",
            "base": 0.13509023184582633,
            "adapter": 0.17581793897563075,
            "improvement_percent": 30.15
        }
    }
}